SET SQL_MODE = "NO_AUTO_VALUE_ON_ZERO";

/*!40101 SET @OLD_CHARACTER_SET_CLIENT=@@CHARACTER_SET_CLIENT */;
/*!40101 SET @OLD_CHARACTER_SET_RESULTS=@@CHARACTER_SET_RESULTS */;
/*!40101 SET @OLD_COLLATION_CONNECTION=@@COLLATION_CONNECTION */;
/*!40101 SET NAMES utf8 */;


INSERT INTO Help (IDHelp, Pagina, Filtro, IDOperazione, NomeCampo, Testo, NoteHelp, Sospeso, DataOraUltimaModifica, IPUltimaModifica) VALUES
(1, '/tblmovimenti.php', '', 0, '', 'Tramite questa tabella potete prendere visione di tutti i movimenti generati all''interno della cassa.\r\n\r\nOltre ai comandi standard descritti nell''help generale dell''applicazione, e'' presente in questa pagina il bottone <b>Calcola</b>: selezionando una o piu'' righe e premendo il bottone in questione, vi verra'' tornata la somma degli importi delle righe selezionante.\r\nVa da se'' che non ha molto senso sommare tra loro righe di spesa e righe di versamento; questa funzione serve per fare calcoli parziali, ad esempio: selezionare tutti i versamenti di un utente per verificare quanto ha versato nell''arco di un periodo di tempo, oppure sommare tutte le spese di un arco di tempo per verificare quanto l''intera cassa ha speso, ecc..\r\n\r\nSi noti che i movimenti possono essere modificati solo parzialmente: i dati contabili non sono modificabili, in caso di inserimento di dati contabili errati e'' possibile unicamente cancellare il record e reinserirlo.\r\n\r\nIn dipendenza dalla configurazione scelta dal capofila, la modifica/cancellazione e'' permessa al solo utente intestatario del movimento (e che quindi lo ha generato), oppure a qualsiasi utente indifferentemente.', '', 0, '2007-06-17 22:42:22', '127.0.0.1'),
(2, '/tblutenti.php', '', 0, '', 'Tramite questa tabella potete prendere visione di tutti gli utenti che partecipano alla cassa comune e il relativo saldo.\r\n\r\nPer chiarezza, il saldo e'' espresso in visualizzazione con solo due decimali, per cui apparentemente, i conti potrebbero non quadrare. In realta'' internamente vengono gestiti sei decimali per garantire la corretta precisione nel tempo.\r\n\r\nPuo'' darsi che dopo anni di movimenti e a fronte di cancellazione di diversi utenti possano verificarsi scostamenti di qualche centesimo, ma non piu'' di questo.\r\n\r\nLe operazioni di dettaglio su ogni singola riga sono permesse solamente al proprietario dell''utenza e al capofila della cassa. Il capofila non puo'' pero'' cancellare la propria utenza, altrimenti cancellerebbe l''intera cassa.\r\n\r\nQualora il capofila volesse eliminare la propria utenza all''interno della cassa deve prima designare un nuovo capofila, andando in <b>Modifica</b> dell''utente designato come nuovo capofila.\r\n\r\nQualora invece il capofila desiderasse eliminare l''intera cassa, allora dovra'' accedere al menu <b>Strumenti</b> -> <b>Cancellazione utenza</b> (visibile soltanto all''utene capofila).\r\n\r\nSi presti attenzione al fatto che non e'' possibile, da parte di nessuno capofila compreso, cancellare un utente con saldo diverso da zero.', '', 0, '2007-06-16 23:17:17', '127.0.0.1'),
(3, '/formutenti.php', '', 0, '', 'Tramite questa scheda potete definire gli attributi di un utente.\r\n\r\nCompilate i campi sapendo che:\r\n<ul>\r\n<li>un click del mouse sulla dicitura che precede il campo (label) apre l''help contestuale di campo\r\n<li>i campi la cui dicitura e'' evidenziata sono obbligatori\r\n</ul>\r\nSi tenga inoltre presente che, in fase di modifica, un utente e'' cancellabile solo da se'' stesso o dal capofila e solo se il saldo e'' uguale a 0.', '', 0, '2007-06-16 23:43:49', '127.0.0.1'),
(4, '/formutenti.php', '', 0, 'Nome', 'Il nome dell''utente tramite cui viene comunemente riconosciuto all''interno del gruppo di persone che aderiscono alla cassa comune.\r\n\r\nNon deve essere necessariamente una cosa formale (nome e cognome); e'' sufficiente che tutti gli altri lo riconoscano attraverso questo identificativo. Un soprannome, ad esempio, va benissimo.', '', 0, '2007-06-16 22:31:33', '127.0.0.1'),
(5, '/formutenti.php', '', 0, 'Login', 'E'' l''identificativo tramite cui l''utente viene riconosciuto dal sistema, e che deve essere inserito insieme alla password al momento del login nella procedura.\r\n\r\nPuo'' essere composto solo da lettere e numeri.', '', 0, '2007-06-16 22:28:22', '127.0.0.1'),
(6, '/formutenti.php', '', 0, 'Password', 'E'' il codice segreto che deve essere digitato al momento del login, unitamente al proprio identificativo di login.\r\n\r\nPuo'' essere composto solo di lettere e numeri ed in fase di login vengono prese in considerazione le differenze tra lettere minuscole e maiuscole.', '', 0, '2007-06-16 22:31:04', '127.0.0.1'),
(7, '/formutenti.php', '', 0, 'Capofila', 'Tramite questo controllo, visibile solo dall''utente capofila, e'' possibile passare ad un altro utente l''incarico di capofila.\r\n\r\nInizialmente, il capofila e'' colui che ha provveduto a registrarsi presso la procedura ed ha quindi provveduto a farsi riconoscere tramite un indirizzo email. Ma nulla vieta di cambiarlo, anche solo momentaneamente.\r\n\r\nIl capofila puo'':\r\n<ul>\r\n<li>vedere/modificare/cancellare il dettaglio di tutti gli altri utenti\r\n<li>definire se all''interno della cassa gli utenti possono generare/cancellare movimenti e intestati ad altri utenti\r\n<li>rimuovere l''intera cassa e tutti i dati (utenti e movimenti) ad essa associati\r\n</ul>\r\nIl capofila non puo'' cancellare la propria singola utenza finche'' e'' capofila: deve passare l''incarico ad altro utente.', '', 0, '2007-06-16 22:37:14', '127.0.0.1'),
(8, '/formutenti.php', '', 0, 'NoteUtente', 'Eventuali note da associare all''utente corrente.', '', 0, '2007-06-16 22:37:47', '127.0.0.1'),
(9, '/formutenti.php', '', 4, '', '', NULL, 1, '2007-06-16 22:22:50', '127.0.0.1'),
(10, '/formutenti.php', '', 4, 'Nome', '', NULL, 1, '2007-06-16 22:22:50', '127.0.0.1'),
(11, '/formutenti.php', '', 4, 'Login', '', NULL, 1, '2007-06-16 22:22:50', '127.0.0.1'),
(12, '/formutenti.php', '', 4, 'Password', '', NULL, 1, '2007-06-16 22:22:50', '127.0.0.1'),
(13, '/formutenti.php', '', 4, 'Capofila', '', NULL, 1, '2007-06-16 22:22:50', '127.0.0.1'),
(14, '/formutenti.php', '', 4, 'NoteUtente', '', NULL, 1, '2007-06-16 22:22:50', '127.0.0.1'),
(15, '/formconfig.php', '', 0, '', 'Tramite questa scheda potrete configurare il vostro modo di utilizzare la cassa.\r\n\r\nL''unico attributo presente permette di definire se tutti gli utenti possono  liberamente agire sui movimenti, oppure se possono agire solo sui propri.', '', 0, '2007-06-16 20:36:46', '127.0.0.1'),
(16, '/formconfig.php', '', 0, 'CiSiFida', 'Selezionando questo controllo, gli utenti potranno liberamente generare movimenti per conto di altri utenti e cancellare tutti i movimenti, sia di spesa sia di versamento, anche quelli di cui  di cui non sono intestatari.\r\n\r\nViceversa, ovviamente, deselezionando il controllo l''utente connesso potra'' generare movimenti esclusivamente intestati a se'' stesso e cancellare esclusivamente movimenti di cui e'' intestatario.', '', 0, '2007-06-16 20:42:37', '127.0.0.1'),
(17, '/formutenti.php', '', 2, '', '', NULL, 1, '2007-06-16 22:22:50', '127.0.0.1'),
(18, '/formmovimenti.php', '', 0, '', 'Tramite questa scheda potete generare un nuovo movimento.\r\n\r\nCompilate i campi ricordando che:\r\n<ul>\r\n<li>un click del mouse sulla dicitura che precede il campo (label) apre l''help contestuale di campo\r\n<li>i campi la cui dicitura e'' evidenziata sono obbligatori.\r\n</ul>\r\nSi noti che in dipendenza dalla configurazione impostata dal capofila, l''intestario del movimento potrebbe essere forzato all''utente corrente, oppure scelto liberamente dall''utente tra tutti gli utenti aderenti alla cassa comune.\r\n', '', 0, '2007-06-17 00:22:23', '127.0.0.1'),
(19, '/formmovimenti.php', '', 0, 'IdTipoMovimento', 'Scegliete il tipo movimento tra <b>Spesa</b> e <b>Versamento</b>.\r\n\r\nLa spesa e'' un movimento in cui un utente anticipa alla cassa un importo per acquistare qualcosa. L''importo della spesa viene equamente diviso tra tutti gli utenti partecipanti all''atto del movimento alla cassa, quindi si avra'' che:\r\n<ul>\r\n<li>ad ogni utente, compreso chi ha sostenuto la spesa ossia l''intestatario del movimento, verra'' addebitata la propria quota  relativa alla spesa\r\n<li>all''intestatario del movimento che ha sostenuto la spesa, sara'' accreditato un importo corrispondente all''importo della spesa stessa.\r\n</ul>\r\nIn caso di spesa, il campo causale diventa obbligatorio.\r\n\r\nIl versamento e'' semplicemente la registrazione di un trasferimento di soldi da un utente ad un altro partecipante alla cassa. In pratica e'' un anticipo o un rimborso, in cui l''intero importo viene accreditato all''intestatario del movimento e addebitato all''utente beneficiario, il cui campo a questo punto diventa ovviamente obbligatorio.', '', 0, '2007-06-17 22:44:36', '127.0.0.1'),
(20, '/formmovimenti.php', '', 0, 'ImportoMovimento', 'E'' l''importo del movimento, di spesa o di versamento.\r\n\r\nInserite la parte intera nel campo piu'' a sinistra e fino a due decimali (i decimali non sono obbligatori) nel campo a destra della virgola.\r\n\r\nSi presti attenzione che, ad esempio, inserire il numero <b>8</b> nel campo dei decimali sta ovviamente a significare 8 decimi, e quindi ottanta centesimi. Per indicare 8 centesimi si digiti <b>08</b>.', '', 0, '2007-06-17 00:44:18', '127.0.0.1'),
(21, '/formmovimenti.php', '', 0, 'NoteMovimento', 'Eventuali note da associare al movimento.', '', 0, '2007-06-17 00:44:38', '127.0.0.1'),
(22, '/formmovimenti.php', '', 0, 'IDUtenteBeneficiario', 'Il beneficiario, obbligatorio in caso di versamento e non abilitato in caso di spesa, e'' l''utente che riceve l''importo del versamento.\r\n\r\nA questi sara'' addebitato in cassa l''intero importo del versamento.', '', 0, '2007-06-17 00:41:22', '127.0.0.1'),
(23, '/formmovimenti.php', '', 0, 'Causale', 'La causale, obbligatoria in caso di spesa e non abilitata in caso di versamento, e'' una semplice descrizione della spesa sostenuta.', '', 0, '2007-06-17 00:35:57', '127.0.0.1'),
(24, '/formmovimenti.php', '', 4, '', '', NULL, 1, '2007-06-17 00:44:58', '127.0.0.1'),
(25, '/formmovimenti.php', '', 4, 'IDTipoMovimento', '', NULL, 1, '2007-06-17 00:44:58', '127.0.0.1'),
(26, '/formmovimenti.php', '', 4, 'Causale', '', NULL, 1, '2007-06-17 00:44:58', '127.0.0.1'),
(27, '/formmovimenti.php', '', 4, 'IDUtenteBeneficiario', '', NULL, 1, '2007-06-17 00:44:58', '127.0.0.1'),
(28, '/formmovimenti.php', '', 4, 'ImportoMovimento', '', NULL, 1, '2007-06-17 00:44:58', '127.0.0.1'),
(29, '/formmovimenti.php', '', 4, 'NoteMovimento', '', NULL, 1, '2007-06-17 00:44:58', '127.0.0.1'),
(30, '/formmovimenti.php', '', 2, '', '', NULL, 1, '2007-06-17 00:44:58', '127.0.0.1'),
(31, '/formmovimenti.php', '', 0, 'IDUtente', 'Se il campo e'' abilitato, significa che il capofila della cassa ha configurato l''applicazione affinche'' chiunque possa generare movimenti per conto di qualunque altro appartenente alla cassa. Viceversa il campo non e'' abilitato ed il valore e'' forzato all''utente correntemente loggato alla procedura.\r\n\r\nNel primo caso, selezionate l''utente che ha generato il movimento e che ne diventera'' quindi l''intestatario.', '', 0, '2007-06-17 00:38:56', '127.0.0.1'),
(32, '/formregistrazione.php', '', 0, 'Login', 'E'' il codice di accesso che, unitamente alla password, permettera'' alla procedura di riconoscervi. La login e'' a vostra scelta, diversamente dalla password che vi verra'' inviata tramite email e che potrete poi cambiare a vostro piacimento una volta entrati nella procedura.\r\n\r\nLa login puo'' essere al massimo di 10 caratteri, solo lettere e numeri. Il sistema vi avvertira'' qualora la login fosse gia'' stata usata da un altro utente e vi chiedera'' quindi di trovarne un''altra.', '', 0, '2007-06-17 23:29:36', '127.0.0.1'),
(33, '/formregistrazione.php', '', 0, 'EMail', 'E'' il vostro indirizzo email. La procedura non fa alcun uso di questo indirizzo e, come specificato nelle condizioni di servizio, questo dato non sara'' divulgato, ceduto, nulla di nulla. Servira'' unicamente ad assicurare che chi si registra presso il programma sia effettivamente la persona che dice di essere, inviando a questo indirizzo una one-time-password per il primo accesso al sistema.', '', 0, '2007-06-17 23:32:55', '127.0.0.1'),
(34, '/formregistrazione.php', '', 0, 'Nome', 'Il nome dell''utente tramite cui viene comunemente riconosciuto all''interno del gruppo di persone che aderiscono alla cassa comune.\r\n\r\nNon deve essere necessariamente una cosa formale (nome e cognome); e'' sufficiente che tutti gli altri componenti la cassa comune lo riconoscano attraverso questo identificativo. Un soprannome, ad esempio, va benissimo.', '', 0, '2007-06-17 23:33:59', '127.0.0.1'),
(35, '/formregistrazione.php', '', 0, 'Condizioni', 'Questo campo non e'' editabile e indica quali sono le condizioni di erogazione del servizio e le regole che dovrete rispettare se desiderate aderirvi.', '', 0, '2007-06-17 23:35:25', '127.0.0.1'),
(36, '/formregistrazione.php', '', 0, 'Testo196', 'Campo non editabile che mostra l''informativa obbligatoria per la legge sulla privacy.', '', 0, '2007-06-17 23:36:09', '127.0.0.1'),
(37, '/formregistrazione.php', '', 0, 'ChkInformativa', 'Se desiderate aderire al servizio e'' necessario che spuntiate questo controllo, come conferma della presa visione delle condizioni e dell''informativa sul trattamento dati.', '', 0, '2007-06-17 23:38:23', '127.0.0.1'),
(38, '/formunregister.php', '', 0, '', 'Confermando questa scheda eliminerete completamente la cassa dalla procedura, e con essa i suoi utenti, e movimenti.\r\n\r\nUtilizzate questa funzionalita'' solo quando volete dismettere completamente l''uso del servizio.', '', 0, '2007-06-16 23:51:20', '127.0.0.1'),
(39, '/formunregister.php', '', 0, 'Conferma', 'A causa dell''esetrema delicatezza dell''operazione, per procedere effettivamente alla cancellazione dell''intera cassa e'' necessario spuntare questo controllo, altrimenti il bottone di registrazione rimarra'' disabilitato.', '', 0, '2007-06-16 23:53:15', '127.0.0.1'),
(40, '/tblhelp.php', '', 0, '', '', NULL, 1, '2007-06-17 23:24:23', '127.0.0.1'),
(41, '', '', 0, '', 'WebCash permette ad un gruppo di persone (due o piu'') di gestire una cassa comune, attraverso la registrazione di tutti i movimenti della cassa.\r\n\r\nCome iniziare? \r\n<ul>\r\n<li>andate alla voce di menu <b>Configurazione</b> e seguendo l''help della pagina adattate il servizio alle vostre esigenze (funzione riservata al solo utente capofila)\r\n<li>andate alla voce di menu <b>Utenti</b> e seguendo l''help della pagina create tutti gli utenti che aderiscono alla cassa comune\r\n<li>andate alla voce di menu <b>Movimenti</b>  e seguendo l''help della pagina iniziate a inserire i movimenti (spese e versamenti: troverete la differenza nell''help delle pagine pertinenti).\r\n<li>quando volete verificare il saldo vostro o degli altri utenti, cioe'' lo stato della cassa comune, andate alla voce di menu <b>Utenti</b> e in corrispondenza di ogni utente troverete il saldo.\r\n</ul>\r\nAldila'' dell''aspetto strettamente applicativo, tutte le WebFreeApplications di WebAppls presentano la medesima interfaccia, ossia lo stesso modo di dialogare con l''utente: tramite le viste a <b>tabella</b> e le viste a <b>scheda</b>.\r\n\r\n<div class=''ParHdr''>Tabelle</div>Tipicamente, ogni sezione di menu apre una vista di tipo <b>tabella</b>, ossia un''insieme di righe (record) sulle quali e'' possibile eseguire delle operazioni. A seconda del tipo di operazione, l''operazione stessa sara'' eseguita sulla riga selezionata (col click del mouse in corrispondenza della riga) o sull''insieme delle righe selezionate.\r\nOgni tabella riporta in testa e in coda una serie di comandi (bottoni); la prima fila di bottoni e'' standard per tutte le tabelle; la seconda e'' specifica delle azioni previste dalla pagina.\r\nIn particolare, i bottoni standard hanno le seguenti funzionalita'':\r\n<ul>\r\n<li><b>Nuovo</b>: se la pagina lo prevede, permette la creazione di un nuovo elemento (riga, record) da inserire nella tabella\r\n<li><b>Vedi</b>: se la pagina lo prevede, permette la visualizzazione in sola lettura di un singolo elemento selezionato nella tabella con un click del mouse\r\n<li><b>Modifica</b>: se la pagina lo prevede, permette la modifica di un singolo elemento selezionato nella tabella con un click del mouse\r\n<li><b>Cancella</b>: se la pagina lo prevede, permette la cancellazione di uno o piu'' elementi selezionati nella tabella con un click del mouse (la funzionalita'' di multi-selezione delle righe e'' in dipendenza della pagina; alcune permettono la multi-selezione, altre la sola selezione singola)\r\n<li><b>Tutti</b>: se la pagina lo prevede, permette la selezione immediata di tutte le righe della tabella (come se fosse stato effettuato un click del mouse su ogni riga)\r\n<li><b>Nessuno</b>: se la pagina lo prevede, permette la deselezione immediata di tutte le righe della tabella (come se fosse stato effettuato un click del mouse su ogni riga in precedenza selezionata)\r\n<li><b>Filtro</b>: apre un modulo  che permette di effettuare ordinamenti e filtri avanzati su piu'' colonne della tabella. Il filtro in questione opera esclusivamente in AND logico, quindi ogni filtro impostato su una colonna si somma agli altri filtri impostati\r\n<li><b>Cerca</b>: inserendo un valore nel campo in corrispondenza della dicitura e premendo invio, verra'' effettuata una ricerca rapida del valore impostato in tutte le colonne \r\n</ul>\r\nNella seconda riga, compaiono i bottoni specifici della pagina e il bottone di help contestuale di pagina; si faccia riferimento a quest''ultimo help per il significato dei bottoni specifici di pagina (help al quale si puo'' accedere anche mediante un click sull''intestazione della pagina stessa).\r\n\r\nAltre funzionalita'' standard della vista a tabella sono:\r\n<ul>\r\n<li>le eventuali diciture Pagina precedente e Pagina successiva vi permettono di spostarvi avanti e indietro nelle pagine che compongono la lista\r\n<li>un click sull''intestazione di ogni colonna vi permette di ordinare la tabella secondo quella colonna; se clickate per la seconda volta su una colonna gia'' ordinata, l''ordinamento avviene in ordine decrescente. L''ordinamento iniziale e quali colonne sono soggette ad ordinamento automatico e'' specifico della pagina.\r\n</ul> \r\nLa disposizione delle funzionalita'' descritte possono essere modificate mediante la voce di menu <b>Strumenti</b> -> <b>Look & feel</b>, descritta piu'' avanti in questa pagina di help.\r\n\r\n<div class=''ParHdr''>Schede</div>ogni azione su un singolo elemento (riga, record) di una tabella avverra'' mediante una vista a <b>scheda</b>. La scheda (o form, o modulo) e'' il dettaglio dell''elemento, al quale si accedera'' tutte le volte che sara'' invocata in una tabella una delle funzionalita'' dei bottoni standard (Nuovo, Vedi, Modifica), oppure uno dei bottoni specifici se la tabella li prevede.\r\n\r\nAll''interno della scheda troverete tutti i campi da valorizzare per determinare gli attributi dell''elemento e il bottone di help contestuale della pagina (help al quale si puo'' accedere anche mediante un click sull''intestazione della pagina stessa). Ogni singolo campo sara'' preceduto da una dicitura (label) clickando sulla quale col mouse potrete accedere all''help contestuale di campo.\r\n\r\nIn fondo alla scheda troverete i bottoni:\r\n<ul>\r\n<li><b>Registra</b>: se la pagina lo prevede, permette il salvataggio dei dati inseriti nella scheda\r\n<li><b>Annulla</b>: se la pagina lo prevede, permette di abbandonare l''inserimento/modifica dell''elemento corrente \r\n<li><b>Elimina</b>: se la pagina lo prevede, permette la cancellazione dell''elemento corrente \r\n<li><b>Chiudi</b>: se la pagina lo prevede, permette la chiusura della vista in dettaglio di un elemento</ul>\r\n<div class=''ParHdr''>Look & feel</div>Tramite la voce di menu <b>Strumenti</b> -> <b>Look & feel</b> e'' possibile modificare l''interfaccia affinche'' si adatti il piu'' possibile al vostro gusto. In dettaglio:\r\n<ul>\r\n<li><b>Righe per pagina</b>: permette di definire quante righe verranno visualizzate contemporaneamente all''interno di una tabella; si consiglia di non impostare un numero superiore a 50 se non in caso di operazioni particolari, pena il rallentamento dei tempi di risposta dell''applicazione\r\n<li><b>Skins</b>: permette di selezionare un nuovo tema grafico tra quelli messi a disposizione dalla procedura\r\n<li><b>Graphics</b>: permette di selezionare un set di icone da utilizzare al posto dei bottoni testuali. Si consiglia di utilizzare questa funzionalita'' (che e'' sicuramente piu'' gradevole) solo dopo avere preso confidenza con l''applicazione\r\n<li><b>Usa popups</b>: apre le schede e le finestre di help in finestre separate; potrebbe non funzionare se il vostro browser e'' stato configurato per non aprire finestre popup al fine di eliminare pubblicita'' indesiderata\r\n<li><b>Bottoni in linea</b>: sposta i bottoni Vedi, Modifica, Cancella in corrispondenza di ogni singola riga di una tabella, anziche'' solamente in testa e in coda alla tabella stessa. Se selezionata questa modalita'', non e'' piu'' necessario selezionare la riga per accedere ad una delle funzionalita'' sopra descritte. E'' una questione di gusti dove preferiate avere l''accesso a queste funzionalita''. Sappiate solo che, qualora la funzionalita'' in esame fosse selezionata e la pagina con vista tabellare prevedesse la multi-selezione delle righe, allora potreste trovarvi con un bottone di cancellazione in corrispondenza di ogni riga, e un bottone di cancellazione ancora presente in testa e in coda all''intera tabella; l''operativita'' dei due bottoni e'' in questo caso diversa:\r\n<ul>\r\n<li>il bottone in corrispondenza della singola riga cancellera'' esclusivamente la singola riga\r\n<li>il bottone in testa e in coda alla tabella cancellera'' tutte le righe correntemente selezionate all''interno della tabella\r\n</ul>', '', 0, '2007-06-16 20:58:30', '127.0.0.1'),
(42, '/formmovimenti.php', '', 3, '', '', NULL, 1, '2007-06-17 00:50:58', '127.0.0.1'),
(43, '/formmovimenti.php', '', 3, 'IDTipoMovimento', '', NULL, 1, '2007-06-17 00:50:58', '127.0.0.1'),
(44, '/formmovimenti.php', '', 3, 'Causale', '', NULL, 1, '2007-06-17 00:50:58', '127.0.0.1'),
(45, '/formmovimenti.php', '', 3, 'IDUtenteBeneficiario', '', NULL, 1, '2007-06-17 00:50:58', '127.0.0.1'),
(46, '/formmovimenti.php', '', 3, 'ImportoMovimento', '', NULL, 1, '2007-06-17 00:50:58', '127.0.0.1'),
(47, '/formmovimenti.php', '', 0, 'URLDocumento', 'E'' l''URL dove, eventualmente, avete salvato il documento comprovante la spesa o il versamento.\r\n\r\nSe avete a disposizione uno spazio web, potete salvare in quel luogo il documento in formato elettronico (pdf, doc, jpg derivante da scansione, ecc.), e qui indicare l''indirizzo al quale il documento puo'' essere reperito.\r\n\r\nNon viene effettuato alcun controllo sulla validita'' dell''indirizzo.', '', 0, '2007-06-17 22:49:37', '127.0.0.1'),
(48, '/formmovimenti.php', '', 3, 'NoteMovimento', '', NULL, 1, '2007-06-17 00:50:58', '127.0.0.1'),
(49, '/formregistrazione.php', '', 0, '', 'Compilate i campi che seguono sapendo che:\r\n<ul>\r\n<li>un click del mouse sulla dicitura che precede il campo (label) apre l''help contestuale di campo\r\n<li>i campi la cui dicitura e'' evidenziata sono obbligatori.\r\n</ul>\r\nAl termine, se avrete spuntato il controllo <b>Ho letto l''informativa</b>, il bottone <b>Accetto</b> sara'' abilitato e potrete continuare nella procedura di registrazione, la quale prevede che:\r\n<ul>\r\n<li>compiliate questo modulo\r\n<li>vi venga inviata una email all''indirizzo indicato che contiene un link da seguire per confermare la registrazione\r\n<li>accediate alla procedura tramite la login che indicherete e la password che vi verra'' inviata via email.\r\n</ul>\r\nQualora invece non desideriate aderire al servizio, e'' sufficiente che in qualsiasi momento premiate il bottone <b>Non accetto</b>.\r\n', '', 0, '2007-06-17 23:47:52', '127.0.0.1'),
(50, '/formmovimenti.php', '', 0, 'DataOraMovimento', 'Inserite la data e l''ora effettive in cui il movimento e'' stato materialmente eseguito. \r\n\r\nLa procedura registra anche una data/ora registrazione, ossia il momento in cui il movimento e'' stato imputato all''interno della procedura. Va da se'' che non e'' assolutamente detto che questi due attributi coincidano,\r\n\r\nPer default il sistema propone la data/ora attuale; se non vi interessa tenere traccia del momento in cui avete materialmente eseguito l''operazione, potete lasciare cio'' che il sistema propone.', '', 0, '2007-06-18 15:51:11', '127.0.0.1');

INSERT INTO Operazioni (IDOperazione, DescrizioneOperazione, NoteOperazione, Sospeso, DataOraUltimaModifica, IPUltimaModifica) VALUES
(1, 'Visualizzazione sommaria in lista', NULL, 0, '0000-00-00 00:00:00', NULL),
(2, 'Visualizzazione in dettaglio', NULL, 0, '0000-00-00 00:00:00', NULL),
(3, 'Inserimento nuovo record', NULL, 0, '0000-00-00 00:00:00', NULL),
(4, 'Modifica record', 'Esclusi i campi di stato', 0, '0000-00-00 00:00:00', NULL),
(5, 'Cancellazione record', NULL, 0, '0000-00-00 00:00:00', NULL),
(6, 'Modifica stato', NULL, 0, '0000-00-00 00:00:00', NULL);

INSERT INTO TipiMovimenti (IDTipoMovimento, DescrizioneTipoMovimento, NoteTipoMovimento, Sospeso, DataOraUltimaModifica, IPUltimaModifica) VALUES
(1, 'Spesa', NULL, 0, '0000-00-00 00:00:00', NULL),
(2, 'Versamento', NULL, 0, '0000-00-00 00:00:00', NULL);

/*!40101 SET CHARACTER_SET_CLIENT=@OLD_CHARACTER_SET_CLIENT */;
/*!40101 SET CHARACTER_SET_RESULTS=@OLD_CHARACTER_SET_RESULTS */;
/*!40101 SET COLLATION_CONNECTION=@OLD_COLLATION_CONNECTION */;
